ides,idmun,temp,prec,Value
1,1,20.652586,0.06517241,25
1,2,19.498878,0.026379311,202
1,3,20.144915,0.054827586,54
1,4,19.095087,0.018448276,906
1,5,19.962328,0.052413795,620
1,6,19.854137,0.036896553,608
1,7,18.738707,0.03551724,239
1,8,17.176983,0.044913795,980
1,9,19.640173,0.024827586,978
1,10,19.857672,0.026034482,251
1,11,20.137672,0.03637931,83
2,1,22.241465,0.11965518,466
2,2,30.263275,0.01,604
2,3,19.207586,0.10646552,772
2,4,21.467587,0.027844828,688
2,5,20.943707,0.011379311,14
3,1,27.08362,0.0,330
3,2,24.316982,0.0034482758,486
3,3,27.101725,0.15336207,14
3,8,23.347155,0.16896552,523
3,9,28.759052,0.0,495
4,1,25.87707,1.2137932,283
4,2,25.59957,1.1696552,975
4,3,26.700518,1.8409482,277
4,4,25.935345,1.9199138,940
4,5,25.641897,1.0780172,40
4,6,25.505949,1.142069,757
4,7,25.793621,1.0237931,76
4,8,25.73888,0.76439655,870
4,9,27.174051,1.0275,903
4,10,26.044224,1.2255173,365
4,11,28.690948,0.8931034,685
5,1,28.724741,0.021034483,834
5,2,26.9225,0.047068965,16
5,3,28.504742,0.04775862,322
5,4,17.840776,0.31896552,228
5,5,27.11931,0.040344827,221
5,6,24.657845,0.040603448,460
5,7,24.614828,0.030344829,965
5,8,28.632069,0.03637931,922
5,9,24.481638,0.008103448,249
5,10,26.959913,0.013362069,511
5,11,21.755518,0.2922414,167
5,12,29.921207,0.054827586,222
5,13,30.177845,0.045,807
5,14,29.347586,0.042586207,733
5,15,29.206207,0.061293103,725
5,16,25.266035,0.020775862,145
5,17,25.407845,0.022499999,299
5,18,27.147673,0.03025862,965
5,19,28.260603,0.058534484,210
5,20,23.613018,0.084396556,370
5,21,26.370604,0.028448276,369
5,22,29.953016,0.059827585,595
5,23,23.570776,0.05258621,409
5,24,22.906034,0.22525862,253
5,25,29.952328,0.037758622,800
5,26,28.845604,0.07362069,460
5,27,23.317156,0.2563793,914
5,28,28.328276,0.06198276,438
5,29,25.65638,0.01112069,224
5,30,19.492586,0.39818966,834
5,31,23.553535,0.06060345,11
5,32,28.0375,0.035431035,401
5,33,25.166637,0.012413793,604
5,34,23.80474,0.00068965513,105
5,35,23.78543,0.04551724,762
5,36,23.722672,0.08482759,697
5,37,28.587069,0.05922414,924
5,38,26.735603,0.087413795,525
6,1,24.446983,2.159655,636
6,2,22.531551,1.1737931,302
6,3,20.026724,1.0194827,249
6,4,22.395172,1.4094827,363
6,5,20.412758,0.9233621,541
6,6,23.382673,1.3565518,209
6,7,25.405344,2.3481896,323
6,8,20.373016,1.2769828,62
6,9,26.521465,2.2785344,747
6,10,21.221724,1.0514655,957
7,1,23.22319,1.2164655,144
7,2,21.405603,1.2984483,785
7,3,27.44569,0.9637069,834
7,4,20.135948,0.8752586,87
7,5,21.663363,0.8021552,461
7,6,17.658276,1.5629311,381
7,7,19.015259,0.95672417,118
7,8,19.269396,1.3998276,917
7,9,26.839914,1.0139655,91
7,10,16.919138,1.4151725,394
7,11,19.096983,1.1734483,115
7,12,21.00931,0.8987069,257
7,13,18.545862,1.1514655,492
7,14,17.796638,0.93905175,497
7,15,20.931034,1.597069,846
7,16,25.931639,0.7486207,105
7,17,23.938017,1.1866379,984
7,18,21.3825,0.959569,788
7,19,21.378017,1.1485345,30
7,20,21.776897,1.7291379,345
7,21,20.598103,1.008362,174
7,22,18.369139,0.9322414,114
7,23,15.6381035,1.2665517,728
7,24,15.748621,0.7198276,90
7,25,20.40845,0.75724137,251
7,26,17.92138,1.0081897,598
7,27,21.38862,1.4761207,184
7,28,24.211466,1.0427586,571
7,29,19.85181,0.9385345,708
7,30,21.766378,1.4439656,258
7,31,21.7875,0.94698274,365
7,32,22.904224,1.4918965,365
7,33,22.788534,0.76896554,610
7,34,21.457241,1.4310344,775
7,35,26.932156,0.48715517,263
7,36,17.421207,1.289569,383
7,37,26.204138,1.0337069,896
7,38,17.227242,0.9674138,740
7,39,20.191896,0.8911207,928
7,40,26.478104,1.2932758,372
7,41,20.21638,1.3643104,999
7,42,19.869741,0.7496552,255
7,43,22.755861,0.63620687,653
7,44,18.267328,1.1699138,757
7,45,23.671896,0.60577583,426
7,46,24.351294,1.1477586,845
7,47,18.514137,1.0397414,269
7,48,25.701637,0.57948273,372
7,49,17.620087,1.0465517,183
7,50,26.047155,0.7176724,906
7,51,23.967758,1.3757758,693
7,52,20.626122,1.6264656,278
7,53,16.638794,1.8718965,663
7,54,27.728449,0.6624138,248
7,55,26.13457,0.70586205,306
7,56,16.526724,1.0125862,876
7,57,19.290863,1.8726724,497
7,58,23.39,0.9587931,689
7,59,23.371552,1.5411206,724
7,60,21.503363,0.72284484,170
7,61,21.38931,1.2568965,309
7,62,24.861206,0.88431036,209
7,63,20.406897,0.9708621,911
7,64,18.21457,0.8099138,643
7,65,25.202414,1.0801724,167
7,66,19.746897,0.81758624,536
7,67,20.252155,0.8614655,411
7,68,24.747414,0.81681037,738
7,69,25.272844,1.3356035,204
7,70,17.47276,1.5805172,129
7,71,26.970087,1.1527586,331
7,72,19.185085,0.9528448,841
7,73,19.479223,0.87017244,308
7,74,26.09776,0.39853448,296
7,75,22.02931,0.967069,235
7,76,21.05707,0.9133621,174
7,77,24.059914,0.94060344,383
7,78,19.0775,1.2261207,90
7,79,20.65388,0.98060346,240
7,80,18.66612,1.6831034,287
7,81,19.41819,0.96689653,789
7,82,20.11707,0.6637069,138
7,83,24.09931,1.152069,565
7,84,21.49362,0.7211207,200
7,85,19.226982,1.0585345,987
7,86,21.57,0.8866379,378
7,87,27.33207,0.55525863,903
7,88,24.865862,0.5586207,763
7,89,24.952845,1.8005172,437
7,90,20.653189,0.7360345,589
7,91,19.343103,0.687069,280
7,92,24.461466,1.1027586,170
7,93,16.93319,0.9005172,445
7,94,19.875086,1.0861207,166
7,96,22.101639,1.0059483,678
7,97,26.758104,1.3581034,994
7,98,23.501293,1.2330172,662
7,99,21.256723,1.9042242,137
7,100,22.166983,0.77034485,171
7,101,21.078447,1.0064656,262
7,102,24.88638,1.0528449,552
7,103,23.690603,1.2507758,103
7,104,23.90612,0.9997414,376
7,105,19.67776,1.5352587,378
7,106,24.344051,1.5581896,45
7,107,23.574139,1.731638,247
7,108,24.540775,1.5143965,608
7,109,21.073189,0.72965515,25
7,110,22.491121,1.0629311,694
7,111,20.810604,1.2104311,124
7,112,18.823277,0.7186207,615
7,113,17.528362,0.8427586,730
7,114,25.430258,1.0126724,15
7,115,23.785603,1.0409483,400
7,116,25.388275,1.0192242,385
7,117,19.235603,1.2113793,366
7,118,19.122328,0.8201724,255
7,119,17.56181,0.91810346,159
7,120,18.66612,1.6831034,668
7,121,19.09543,0.83818966,903
7,122,25.677069,1.0406034,908
7,123,26.127672,1.3886207,970
7,124,25.058018,0.67913795,436
8,1,23.800259,0.45586208,855
8,2,25.130604,0.22017242,497
8,3,22.557413,0.00068965513,171
8,4,24.652586,0.005172414,926
8,5,25.083103,0.44413793,221
8,6,17.883707,0.1426724,992
8,7,17.198448,0.023793103,608
8,8,25.617758,0.48818967,644
8,9,16.476551,0.3687069,428
8,10,22.436897,0.6534483,988
8,11,23.461206,0.012931035,454
8,12,19.080948,0.101465516,288
8,13,18.645346,0.82293105,35
8,14,21.668707,0.0,575
8,15,24.858362,0.19465518,320
8,16,25.480776,0.0037068967,435
8,17,18.995432,0.15008621,720
8,18,18.216208,0.034913793,945
8,19,21.714138,0.29405174,870
8,20,26.680258,0.62767243,30
8,21,25.1525,0.0017241379,698
8,22,21.188276,0.00025862068,536
8,23,22.040775,0.5548276,522
8,24,21.691551,0.0027586208,442
8,25,17.268879,0.3664655,377
8,26,20.82069,0.0026724138,123
8,27,17.751122,0.33836207,844
8,28,25.014914,0.24612069,594
8,29,20.208534,0.7081034,251
8,30,26.391466,0.6360345,551
8,31,19.59543,0.46077585,558
8,32,21.34931,0.0,264
8,33,20.585,0.0,302
8,34,19.159397,0.6516379,227
8,35,21.36931,0.7588793,576
8,36,23.78543,0.0018965517,502
8,37,26.081465,0.12896551,967
8,38,24.944654,0.020086206,459
8,39,23.120258,0.00017241378,267
8,40,19.395948,0.7390517,364
8,41,22.068792,0.41060343,558
8,42,24.621035,0.014482759,883
8,43,20.508104,0.17560345,79
8,44,20.545948,0.0,526
8,45,26.265087,0.0036206897,880
8,46,25.037415,0.617931,355
8,47,22.749828,0.7240517,855
8,48,19.296122,0.5663793,968
8,49,19.965086,0.00051724137,968
8,50,21.770948,0.5625862,721
8,51,21.521465,0.6648276,413
8,52,25.38681,0.10810345,374
8,53,26.07638,0.09008621,976
8,54,18.748535,0.13353449,971
8,55,24.959137,0.005086207,26
8,56,20.622845,0.0,738
8,57,20.628448,0.0037068967,889
8,58,24.4275,0.00051724137,876
8,59,19.330086,0.0,665
8,60,19.071293,0.0,100
8,61,21.989742,0.0,823
8,62,24.971983,0.0068103448,979
8,63,20.32931,0.7041379,748
8,64,20.006552,0.0,203
8,65,26.364223,0.6349138,741
8,66,24.498966,0.6974138,176
8,67,22.765518,0.0,975
9,2,18.334482,0.4587069,298
9,3,16.897156,0.6386207,40
9,4,13.275172,0.64543104,770
9,5,19.566896,0.54025865,557
9,6,18.230345,0.5116379,995
9,7,18.455086,0.62413794,590
9,8,13.576897,0.70784485,37
9,9,18.070345,1.0095689,378
9,10,15.655345,0.704569,143
9,11,18.727327,0.70646554,432
9,12,15.420604,0.9658621,870
9,13,17.857586,0.73034483,592
9,14,17.782673,0.48931035,698
9,15,18.388363,0.5027586,353
9,16,16.62526,0.58465517,715
9,17,18.731466,0.53534484,564
10,1,16.386982,0.10465517,19
10,2,18.934397,0.4148276,959
10,3,18.70362,0.040603448,705
10,4,20.259655,0.1612931,627
10,5,17.434225,0.25189656,674
10,6,22.636896,0.09224138,854
10,7,24.981638,0.012241379,976
10,8,18.591982,0.06008621,683
10,9,16.78957,0.08146552,238
10,10,20.324224,0.022586208,689
10,11,20.156206,0.026810344,566
10,12,22.748621,0.030775862,831
10,13,22.977673,0.010517241,154
10,14,18.440172,0.8249138,342
10,15,22.362844,0.03189655,719
10,16,19.101982,0.0787931,56
10,17,18.870863,0.00086206896,462
10,18,20.89,0.032413792,328
10,19,18.893621,0.2686207,577
10,20,18.962154,0.025689656,295
10,21,20.052586,0.03586207,500
10,22,18.844397,0.097844824,463
10,23,19.561638,0.77146554,249
10,24,21.611465,0.029396553,413
10,25,19.205603,0.0038793103,62
10,26,18.708017,0.5373276,16
10,27,22.30095,0.071982756,604
10,28,19.455431,0.032068964,330
10,29,21.866035,0.017844828,201
10,30,20.720861,0.019655172,373
10,31,19.659655,0.118189655,625
10,32,19.193792,0.47543103,84
10,33,16.327759,0.18706897,296
10,34,24.361982,0.9183621,342
10,35,18.534311,0.23370689,445
10,36,24.536638,0.0062068966,948
10,37,21.40043,0.5463793,889
10,38,17.705948,0.11103448,992
10,39,18.651121,0.0762069,801
11,1,22.080517,0.2775,581
11,2,18.080086,0.5439655,918
11,3,17.197414,0.13344827,393
11,4,18.775517,0.24586207,556
11,5,19.167673,0.13603449,769
11,6,15.780949,0.17896552,59
11,7,19.93569,0.1675862,762
11,8,21.354223,0.24637932,119
11,9,18.991207,0.12293103,155
11,10,15.458448,0.33827585,348
11,11,20.52681,0.16913792,463
11,12,21.945948,0.19543104,470
11,13,13.123965,0.04775862,365
11,14,17.745344,0.11327586,575
11,15,19.470604,0.21612069,596
11,16,21.651983,0.12767242,351
11,17,21.777155,0.2677586,508
11,18,20.743534,0.17310345,860
11,19,16.703793,0.44724137,633
11,20,20.267069,0.34025863,843
11,21,19.954397,0.2697414,873
11,22,18.110863,0.06517241,130
11,23,21.723793,0.2261207,341
11,24,21.930777,0.13853449,997
11,25,20.966293,0.3051724,23
11,26,21.779827,0.29189655,188
11,27,20.998535,0.20810345,609
11,28,19.821552,0.3101724,703
11,29,16.705,0.04836207,717
11,30,18.065432,0.15629311,252
11,31,21.263275,0.3162931,219
11,32,14.037931,0.05224138,873
11,33,14.920344,0.13525862,489
11,34,14.382328,0.06775862,586
11,35,20.02931,0.15724137,23
11,36,20.087414,0.22551724,76
11,37,21.046293,0.28706896,326
11,38,16.59957,0.38077587,191
11,39,19.156897,0.25155172,11
11,40,14.1436205,0.062068965,353
11,41,20.098879,0.28043103,816
11,42,21.109396,0.21646552,476
11,43,14.978448,0.14922413,934
11,44,20.668535,0.13103448,99
11,45,15.83181,0.17784482,577
11,46,20.344913,0.33215517,429
12,1,24.668362,1.0898275,348
12,2,19.90431,0.60448277,936
12,3,21.279482,0.7585345,485
12,4,18.133276,0.7230172,721
12,5,19.939741,0.43827587,622
12,6,21.293104,0.5936207,211
12,7,21.890173,0.7001724,169
12,8,22.007673,0.76198274,41
12,9,17.503017,0.64396554,600
12,10,18.355085,0.6737069,301
12,11,24.47069,0.81586206,539
12,12,22.806896,0.8237931,604
12,13,24.696638,0.8931034,113
12,14,27.652414,0.8299138,237
12,15,19.550259,0.9739655,80
12,16,24.73845,1.0138793,458
12,17,21.121552,0.61525863,429
12,18,26.131466,1.116638,989
12,19,21.653622,0.7475862,584
12,20,17.74069,0.6636207,929
12,21,24.69112,0.8956034,472
12,22,22.180431,0.8636207,572
12,23,26.137758,1.5106896,662
12,24,19.689396,0.5825862,416
12,25,25.049051,0.8089655,628
12,26,20.744482,0.62068963,119
12,27,23.195776,0.79741377,980
12,28,18.90181,0.595431,399
12,29,18.664051,0.6818103,582
12,30,24.984396,1.0027586,994
12,31,19.83181,0.810431,106
12,32,19.416466,0.7387931,113
12,33,20.592844,0.8323276,991
12,34,21.241896,1.0440518,143
12,35,20.971638,0.76965517,75
12,36,23.68319,0.71172416,943
12,37,17.396639,0.769569,718
12,38,26.042673,1.2480172,620
12,39,21.571638,0.63310343,639
12,40,18.664396,0.51698273,865
12,41,19.312586,0.75198275,608
12,42,20.507154,0.47215518,347
12,43,19.512327,0.8612069,599
12,44,21.031637,0.57189655,315
12,45,20.775776,0.80379313,680
12,46,24.663794,0.7830172,858
12,47,16.842758,0.8802586,719
12,48,25.06612,1.0148276,48
12,49,16.24207,0.9367241,524
12,50,24.511465,0.34318966,642
12,51,20.506292,0.6231896,120
12,52,23.034052,1.0600863,724
12,53,25.111034,1.1712931,580
12,54,20.326206,0.8032759,192
12,55,17.555,1.0337931,980
12,56,23.653708,0.74068964,133
12,57,24.738276,0.9985345,561
12,58,19.025776,0.9399138,228
12,59,22.006466,0.6640517,391
12,60,16.014828,0.92301726,603
12,61,19.198189,0.44681033,189
12,62,22.333794,0.8436207,106
12,63,18.267069,0.7062069,583
12,64,23.133966,0.61318964,960
12,65,19.499828,0.512069,118
12,66,19.071983,0.68767244,649
12,67,24.003277,0.48603448,149
12,68,27.211035,1.7909483,648
12,69,18.339397,0.6889655,295
12,70,21.220518,0.8200862,389
12,71,22.72457,0.8775,393
12,72,17.065432,0.65112066,233
12,73,23.408535,0.82586205,381
12,74,19.68138,0.4387069,192
12,75,19.957586,0.5518103,566
12,76,20.021639,0.76758623,744
12,77,25.428276,0.9652586,318
12,78,20.045345,0.8014655,332
12,79,18.455517,0.4996552,253
12,80,25.644484,0.9897414,693
12,81,20.502241,0.63336205,38
13,1,15.163621,0.22767241,225
13,2,16.600603,0.3337069,81
13,3,13.283707,0.1249138,582
13,4,17.188707,0.31068966,741
13,5,14.941724,0.1375862,732
13,6,14.493879,0.099224135,217
13,7,14.5375,0.2212931,902
13,8,14.567844,0.23137932,902
13,9,13.878362,0.09413793,541
13,10,15.2424135,0.14482759,914
13,11,24.759398,0.4686207,876
13,12,12.923621,0.18068965,382
13,13,15.464569,0.21827586,703
13,14,20.822845,0.4762069,509
13,15,12.972758,0.15620689,509
13,16,15.044742,0.245,415
13,17,13.87112,0.16732758,233
13,18,18.376465,0.42663792,76
13,19,14.596293,0.09629311,384
13,20,13.83569,0.24267241,658
13,21,14.401034,0.21491379,187
13,22,14.963965,0.1399138,957
13,23,14.419396,0.090431035,935
13,24,13.562414,0.17594828,498
13,25,25.491638,0.51086205,536
13,26,23.028965,0.48948276,855
13,27,22.177414,0.6375,711
13,28,25.028448,0.5448276,49
13,29,14.873707,0.23793103,537
13,30,13.473707,0.10267241,183
13,31,14.378103,0.27422413,156
13,32,24.483793,0.45482758,388
13,33,15.189483,0.28913793,283
13,34,18.512758,0.47982758,373
13,35,16.218706,0.24939655,992
13,36,15.020345,0.26215518,833
13,37,13.667414,0.24775863,630
13,38,12.69931,0.11491379,12
13,39,14.482586,0.08353449,958
13,40,16.427069,0.32,490
13,41,14.620087,0.09163793,395
13,42,16.267845,0.36681035,746
13,43,12.116293,0.165,589
13,44,13.95112,0.26844826,783
13,45,12.24,0.121206895,98
13,46,25.20931,0.5703448,186
13,47,15.826035,0.23370689,986
13,48,15.44,0.13517241,765
13,49,19.402414,0.3961207,268
13,50,14.452672,0.07422414,57
13,51,15.84362,0.12112069,654
13,52,14.907586,0.15146552,28
13,53,20.348793,0.6036207,893
13,54,14.007672,0.09689655,348
13,55,13.314655,0.10043103,215
13,56,15.05069,0.14905173,664
13,57,14.70319,0.18017241,474
13,58,14.502672,0.05896552,953
13,59,15.516379,0.12620689,237
13,60,18.178707,0.41534483,515
13,61,14.838276,0.20974138,956
13,62,18.926552,0.50043106,198
13,63,14.515345,0.31086206,108
13,64,14.277586,0.13844827,958
13,65,15.029224,0.100172415,711
13,66,16.253965,0.15267241,908
13,67,14.876035,0.1275,586
13,68,18.776466,0.4527586,849
13,69,16.758362,0.20586208,256
13,70,14.984741,0.09612069,156
13,71,14.5125,0.3373276,759
13,72,15.204052,0.16663793,132
13,73,21.054224,0.55448276,132
13,74,15.150431,0.12646551,799
13,75,16.028965,0.1612931,639
13,76,14.435259,0.23801725,286
13,77,15.817673,0.22310345,163
13,78,24.047844,0.55025864,191
13,79,17.531897,0.4099138,931
13,80,23.687586,0.46456897,558
13,81,16.586983,0.33405173,958
13,82,16.11293,0.14137931,177
13,83,15.50888,0.16,334
13,84,13.585604,0.15224138,426
14,1,21.988018,0.15112069,886
14,2,20.186466,0.29318964,571
14,3,20.930517,0.2613793,863
14,4,16.261034,0.6735345,948
14,5,22.222242,0.22560345,655
14,6,19.95526,0.5012931,26
14,7,21.381983,0.30198276,54
14,8,20.484224,0.2024138,148
14,9,21.795172,0.19551724,172
14,10,16.987759,0.66853446,16
14,11,18.972328,0.824569,879
14,12,18.75026,0.8916379,730
14,13,22.224655,0.16594827,467
14,14,18.84155,0.7716379,660
14,15,18.30681,1.1881034,600
14,16,22.55069,0.15275863,219
14,17,18.33638,1.2342241,675
14,18,23.09957,0.19793104,956
14,19,21.712154,0.35913792,850
14,20,25.507154,1.2914655,292
14,21,21.048103,1.2042241,437
14,22,26.149914,1.7162069,886
14,23,16.709742,0.9278448,99
14,24,19.42181,0.49853447,434
14,25,19.147068,0.043275863,453
14,26,20.144655,0.7191379,837
14,27,19.980862,1.5938793,56
14,28,18.450172,1.0338793,340
14,29,22.714655,0.14551724,556
14,30,22.037155,0.5298276,195
14,31,22.369482,0.17129311,307
14,32,17.326551,0.79465514,670
14,33,22.518793,0.12948276,14
14,34,18.551638,1.0246552,68
14,35,21.043793,0.07741379,764
14,36,20.910345,0.34051725,58
14,37,18.146034,0.94698274,130
14,38,20.847069,0.59,767
14,39,21.94362,0.17896552,577
14,40,22.793362,0.52715516,925
14,41,18.014225,0.031551722,212
14,42,20.073017,0.12948276,442
14,43,25.832327,2.0739655,690
14,44,22.110949,0.3036207,843
14,45,22.65224,0.19974138,604
14,46,21.608448,0.11224138,216
14,47,23.394741,0.22706896,227
14,48,21.42362,0.1574138,720
14,49,24.54888,1.0851724,754
14,50,21.013449,0.4413793,166
14,51,22.287846,0.22310345,66
14,52,18.672672,0.9212069,618
14,53,20.052155,0.2023276,117
14,54,18.457241,0.87594825,924
14,55,22.016035,0.44913793,378
14,56,23.342241,0.9868103,301
14,57,19.91638,0.6165517,650
14,58,20.919224,0.89646554,489
14,59,20.313017,0.80655175,593
14,60,21.803535,0.07439655,318
14,61,20.500603,0.4725,208
14,62,19.440432,0.73094827,20
14,63,22.994051,0.22568965,683
14,64,18.578447,0.029913794,218
14,65,22.952845,1.0178448,720
14,66,22.9425,0.44198275,136
14,67,24.948277,0.65086204,687
14,68,22.532413,1.5106034,863
14,69,20.825863,0.8211207,688
14,70,22.003794,0.19913793,992
14,71,22.874052,0.23551723,685
14,72,20.784828,0.24198276,361
14,73,21.549397,0.12836207,38
14,74,20.557844,0.15577586,658
14,75,21.571466,0.41068965,124
14,76,22.948017,0.26051724,462
14,77,20.159914,0.48422414,507
14,78,20.561466,0.17,18
14,79,19.72457,0.88543105,306
14,80,23.146294,0.6648276,273
14,81,18.489483,0.029741379,53
14,82,16.014225,0.8110345,308
14,83,21.119741,0.25439656,382
14,84,21.79819,1.0914655,858
14,85,20.839914,1.0881034,595
14,86,15.418793,0.9215517,43
14,87,21.572672,1.0825,829
14,88,19.114569,0.9215517,684
14,89,17.799742,0.5244828,529
14,90,18.965345,0.9986207,373
14,91,21.793707,0.09206896,261
14,92,20.503103,0.595,313
14,93,21.460604,0.18853448,358
14,94,22.367846,0.49206898,312
14,95,21.141983,0.21689655,47
14,96,21.07181,0.5731897,537
14,97,21.196379,0.31586206,942
14,98,21.559397,0.18818966,239
14,99,13.850259,1.0411206,276
14,100,25.476896,2.0855172,530
14,101,22.188017,0.18810345,35
14,102,17.860172,0.8924138,886
14,103,18.346552,0.86844826,134
14,104,20.3625,0.068534486,823
14,105,22.212673,0.17405172,582
14,106,16.768103,0.95336205,331
14,107,20.9875,0.517069,716
14,108,18.758017,1.0136207,911
14,109,21.012587,0.25543103,570
14,110,18.711035,1.1593965,913
14,111,21.645603,0.12525862,670
14,112,20.468363,0.8018966,491
14,113,14.102673,1.0218103,94
14,114,19.666811,0.47801724,75
14,115,20.976725,0.10784483,151
14,116,21.555517,0.055086207,796
14,117,21.936378,0.094913796,402
14,118,22.299137,0.1025,158
14,119,19.031982,0.5902586,591
14,120,21.948965,0.28939655,880
14,121,19.551292,0.9585345,199
14,122,18.237242,0.9772414,273
14,123,22.604223,0.24586207,537
14,124,22.320345,0.22517242,449
14,125,20.423706,0.15517241,127
15,1,13.930259,0.42775863,408
15,2,17.411724,0.30068967,365
15,3,13.938793,0.35206896,982
15,4,12.976034,0.8287069,14
15,5,12.338103,0.7201724,400
15,6,13.323448,0.7262931,240
15,7,10.456035,0.8762069,708
15,8,19.193707,1.0215517,202
15,9,12.820862,0.8085345,853
15,10,15.484397,0.16974138,917
15,11,16.777155,0.45948276,383
15,12,13.175086,0.7191379,532
15,13,15.987931,0.4899138,915
15,14,14.133534,0.42732757,739
15,15,13.596465,0.96956897,664
15,16,15.597758,0.22836207,781
15,17,12.979828,0.8373276,773
15,18,12.349051,0.64646554,475
15,19,13.035689,0.68336207,392
15,20,18.146208,0.37672412,646
15,21,14.039052,0.8533621,974
15,22,13.873621,0.7250862,300
15,23,16.039656,0.24043104,345
15,24,16.847845,0.34706897,702
15,25,12.899569,0.79206896,394
15,26,12.647069,0.43353447,548
15,27,11.233879,0.60948277,95
15,28,17.15043,0.36043105,825
15,29,16.581465,0.51,671
15,30,17.177155,0.34862068,314
15,31,18.397413,0.51818967,545
15,32,12.995689,1.0937932,618
15,33,19.17569,0.47310343,813
15,34,11.96319,0.91387933,921
15,35,15.727327,0.2588793,50
15,36,15.912672,0.20517242,823
15,37,13.209138,0.6650862,68
15,38,12.925344,0.5714655,529
15,39,13.177672,0.64077586,171
15,40,12.040517,0.75344825,470
15,41,14.968103,1.0917242,586
15,42,13.179138,0.56793106,283
15,43,12.350603,0.81586206,716
15,44,17.08,0.24413793,521
15,45,13.304138,0.40068966,262
15,46,11.761638,0.6790517,38
15,47,9.976638,0.5791379,69
15,48,13.224483,0.4824138,102
15,49,13.713276,0.79818964,60
15,50,14.4937935,0.9747414,788
15,51,12.742155,0.79163796,755
15,52,13.820776,0.99439657,538
15,53,16.974741,0.29146552,289
15,54,11.603448,0.57448274,642
15,55,10.875948,0.54810345,389
15,56,11.893879,0.49534482,293
15,57,15.264828,0.62060344,807
15,58,19.21931,0.5727586,196
15,59,17.621983,0.2835345,287
15,60,12.537414,0.5664655,16
15,61,15.658793,0.16577587,481
15,62,12.222931,0.7275,717
15,63,12.609569,1.0156034,543
15,64,13.632414,0.41,926
15,65,15.072673,0.26422414,537
15,66,17.502155,1.0230173,134
15,67,12.40319,0.69206893,284
15,68,13.638793,0.92913795,141
15,69,16.549913,0.37060344,320
15,70,18.481207,0.5148276,546
15,71,14.24,0.28086206,117
15,72,12.957845,0.70862067,668
15,73,13.175086,0.7191379,838
15,74,13.8,0.5201724,282
15,75,16.163708,0.23465517,906
15,76,11.663276,0.5735345,581
15,77,12.719224,0.90853447,420
15,78,16.112587,1.0706897,785
15,79,13.621466,0.26146552,275
15,80,15.799655,0.9686207,494
15,81,17.73845,0.35431033,600
15,82,17.014137,1.1212069,670
15,83,13.526724,0.6900862,143
15,84,16.661465,0.2325862,64
15,85,14.330604,0.45232758,127
15,86,10.25681,1.1876724,996
15,87,12.497586,0.6687931,648
15,88,15.189224,0.9362931,143
15,89,13.962069,0.800431,839
15,90,13.047759,0.8291379,711
15,91,16.52181,0.27784482,419
15,92,16.567068,0.2813793,479
15,93,14.267327,0.37025863,980
15,94,13.1785345,0.8608621,693
15,95,14.818535,0.42439654,610
15,96,15.9230175,0.19163793,600
15,97,11.969655,0.86060345,304
15,98,11.031034,0.67775863,834
15,99,14.894397,0.61,872
15,100,17.59026,0.34534484,205
15,101,13.030603,0.7149138,660
15,102,13.177414,0.4162931,907
15,103,8.447242,0.7230172,358
15,104,18.592844,0.44301724,88
15,105,20.682844,0.9112069,235
15,106,12.161207,0.8757759,970
15,107,17.395172,0.7875,138
15,108,17.363104,0.33387932,773
15,109,17.817242,0.36922413,212
15,110,12.5325,1.1627586,971
15,111,13.490603,0.91956896,637
15,112,12.473793,0.48344827,416
15,113,13.449656,0.8548276,306
15,114,13.903535,0.7439655,410
15,115,12.743621,0.66215515,518
15,116,15.962759,0.9910345,639
15,117,14.545517,0.86206895,975
15,118,11.95431,0.80094826,36
15,119,14.996379,0.9510345,17
15,120,16.833277,0.27232757,757
15,121,16.594656,0.4062069,924
15,122,17.894138,0.6910345,111
15,123,19.439655,1.0799137,613
15,124,12.670173,0.82551724,867
15,125,18.058706,0.3286207,574
16,1,18.450258,0.6609483,960
16,2,22.579483,1.594569,442
16,3,19.342155,0.5721552,367
16,4,20.429655,0.19137931,610
16,5,12.0549135,0.6887069,827
16,6,25.524311,1.2755172,365
16,7,13.418276,0.7091379,124
16,8,25.420603,4.0782757,123
16,9,21.16638,0.8651724,161
16,10,24.756466,2.4087932,502
16,11,23.319742,0.16965517,280
16,12,25.653534,1.1517241,443
16,13,24.056034,0.89586204,750
16,14,25.831293,2.1035345,532
16,15,21.290775,2.28,534
16,16,17.865,0.45801723,686
16,17,14.025517,0.5017241,851
16,18,19.625948,0.42913795,212
16,19,21.028534,0.7561207,211
16,20,19.757673,0.4438793,457
16,21,17.972069,0.66965514,833
16,22,19.25069,0.80568963,759
16,23,21.881723,0.28275862,393
16,24,17.227758,0.5049138,511
16,25,18.097586,0.4472414,904
16,26,23.446207,1.8514655,638
16,27,19.299828,0.3950862,830
16,28,21.39095,0.1725862,483
16,29,24.997242,0.675,569
16,30,22.316034,0.1787069,985
16,31,14.778104,0.45293105,964
16,32,17.376379,0.53922415,208
16,33,23.837242,0.8427586,858
16,34,16.532328,1.1328448,847
16,35,25.734655,0.8965517,919
16,36,19.643017,0.2987931,689
16,37,18.808104,0.37965518,970
16,38,25.213707,0.8037931,878
16,39,17.707846,0.5405173,407
16,40,18.176466,0.68301725,699
16,41,14.181121,0.66137934,267
16,42,22.54293,0.16905172,415
16,43,20.818361,0.35767242,215
16,44,18.737673,0.31198275,434
16,45,20.818966,0.5461207,555
16,46,18.682673,1.0365517,534
16,47,16.76362,1.0581034,216
16,48,18.26319,0.53103447,77
16,49,20.120173,1.0164655,645
16,50,14.882155,0.6516379,416
16,51,20.331121,0.57793105,155
16,52,26.702673,2.836207,299
16,53,19.02569,0.8987069,463
16,54,19.172415,0.3162931,222
16,55,26.44319,0.7234483,714
16,56,17.160603,0.51508623,490
16,57,22.8975,0.9251724,357
16,58,18.975431,0.8576724,892
16,59,22.413794,0.80732757,975
16,60,21.711292,0.106293105,124
16,61,12.470173,0.78112066,299
16,62,22.511724,0.23991379,634
16,63,19.542414,0.2697414,394
16,64,25.707932,0.89439654,362
16,65,17.227587,0.57836205,800
16,66,17.647327,0.6903448,157
16,67,20.562931,0.22534482,506
16,68,21.114483,0.92560345,876
16,69,22.262932,0.11327586,810
16,70,18.716208,0.3312931,48
16,71,20.010172,0.2950862,590
16,72,17.481207,0.78284484,598
16,73,18.006723,0.515,641
16,74,21.549568,0.41068965,249
16,75,19.599396,0.82939655,648
16,76,21.12526,0.40793103,462
16,77,24.614569,0.4939655,403
16,78,19.916206,0.3287931,304
16,79,18.572845,0.79810345,661
16,80,13.062758,0.64396554,449
16,81,18.22638,1.137069,467
16,82,19.30276,0.89284486,742
16,83,21.67026,1.1051724,808
16,84,20.6875,0.5437069,581
16,85,19.79138,0.4900862,665
16,86,22.971207,0.1475,19
16,87,20.2575,0.77862066,111
16,88,19.49793,0.61844826,288
16,89,24.712845,0.9949138,651
16,90,17.489483,0.6203448,858
16,91,20.128448,0.62663794,316
16,92,22.864483,1.1871551,169
16,93,12.7824135,0.5525,225
16,94,20.280863,0.26181033,281
16,95,21.633966,0.85025865,742
16,96,22.682844,1.6961207,846
16,97,23.395863,0.910431,414
16,98,14.816811,0.8806896,897
16,99,20.798965,1.2099137,802
16,100,17.71931,0.52068967,846
16,101,19.894484,1.0933621,234
16,102,18.946121,1.0212069,787
16,103,22.385948,0.3262069,522
16,104,21.401207,0.47224137,717
16,105,23.15319,0.15818965,852
16,106,22.74207,0.12336207,507
16,107,17.807156,0.43698275,560
16,108,21.792068,0.27189654,514
16,109,21.473879,0.123017244,694
16,110,17.171465,0.68939656,627
16,111,18.603966,0.7066379,566
16,112,14.22362,1.0681034,240
16,113,21.24457,0.16517241,31
17,1,19.165087,0.9276724,178
17,2,15.802069,0.9901724,11
17,3,21.401293,0.8224138,518
17,4,21.305948,1.114569,45
17,5,17.84793,0.9148276,184
17,6,19.98181,1.0187931,909
17,7,16.605862,1.0551724,181
17,8,20.215172,0.9158621,933
17,9,14.792845,1.0239655,997
17,10,20.003965,0.91681033,907
17,11,20.73681,0.9676724,465
17,12,20.601551,0.92939657,601
17,13,19.950344,0.8836207,302
17,14,18.965689,0.8851724,857
17,15,18.035948,1.0193104,108
17,16,14.876121,0.9665517,320
17,17,20.199396,1.0687069,961
17,18,17.877413,0.9261207,360
17,19,21.184225,0.98103446,391
17,20,19.467758,1.0899138,648
17,21,18.03431,0.8365517,408
17,22,12.014828,0.9534483,459
17,23,17.666811,1.0279311,180
17,24,21.527845,1.0221552,570
17,25,21.31888,1.0785345,907
17,26,18.25026,1.0166379,661
17,27,15.687327,0.9975862,16
17,28,20.378965,0.9165517,980
17,29,20.936638,1.086638,363
17,30,17.551466,1.0378448,807
17,31,20.694654,0.79206896,888
17,32,16.123878,0.89793104,514
17,33,18.573189,0.89284486,197
18,1,26.856207,0.97137934,546
18,2,23.455948,0.6469828,616
18,3,22.225948,0.51948273,511
18,4,25.899914,0.8139655,321
18,5,24.784914,0.87336206,749
18,6,22.918104,0.5589655,712
18,7,23.270777,0.7134483,841
18,8,24.784569,0.60310346,713
18,9,23.385862,0.9719828,174
18,10,27.73569,0.8851724,737
18,11,26.71888,0.5461207,29
18,12,27.742586,1.0318966,206
18,13,23.503275,0.70043105,143
18,14,23.563362,0.8455172,89
18,15,28.435259,1.010431,571
18,16,28.914051,0.807931,39
18,17,25.42026,0.6615517,275
18,18,28.673018,0.6237069,81
18,19,22.7475,0.86422414,995
18,20,27.274397,0.67706895,745
19,1,25.619225,0.011293103,328
19,2,27.92207,0.19146551,910
19,3,29.170776,0.14206897,631
19,4,24.967587,0.061810344,82
19,5,29.951466,0.067586206,961
19,6,26.774569,0.028879311,353
19,7,20.482586,0.32818967,182
19,8,26.449741,0.03215517,73
19,9,26.898535,0.10784483,808
19,10,25.913189,0.01775862,350
19,11,27.072758,0.19405173,737
19,12,26.196724,0.032241378,229
19,13,28.436121,0.27336207,472
19,14,21.51681,0.31724137,991
19,15,28.90431,0.18025862,194
19,16,26.56681,0.14198276,878
19,17,18.844828,0.29586208,45
19,18,24.387327,0.108965516,596
19,19,25.017931,0.06112069,165
19,20,28.494396,0.21818966,789
19,21,26.007845,0.01836207,721
19,22,28.183794,0.084224135,479
19,23,29.123621,0.13258621,517
19,24,19.352156,0.35681036,122
19,25,26.132328,0.035344828,754
19,26,26.026466,0.036551725,796
19,27,28.41457,0.14534482,863
19,28,25.559397,0.11758621,509
19,29,26.399052,0.05525862,368
19,30,21.485949,0.14534482,874
19,31,25.74,0.039568964,19
19,32,28.898706,0.080689654,268
19,33,26.790432,0.16250001,250
19,34,26.19724,0.11801724,773
19,35,28.475346,0.13482758,44
19,36,22.654396,0.16724138,213
19,37,25.767069,0.043189656,749
19,38,25.883276,0.12103448,93
19,39,24.52112,0.07775862,351
19,40,29.556639,0.14612068,37
19,41,26.991207,0.09586207,55
19,42,27.79569,0.1437069,648
19,43,19.542154,0.14439656,594
19,44,27.180172,0.1237069,900
19,45,25.476896,0.10439655,431
19,46,26.770086,0.018706897,993
19,47,25.147327,0.02301724,168
19,48,21.858448,0.18586206,132
19,49,21.218103,0.19465518,881
19,50,29.042414,0.15163793,868
19,51,26.073189,0.065431036,907
20,1,16.254656,0.45284483,197
20,2,25.819052,0.68163794,135
20,3,19.480604,0.40060344,856
20,4,18.248016,0.40474138,226
20,5,25.73276,0.67810345,39
20,6,17.201897,1.0680172,933
20,7,21.19112,0.38224137,57
20,8,23.544914,0.64724135,261
20,9,23.549225,0.5149138,80
20,10,24.703707,0.58896554,721
20,11,18.967241,0.46758622,853
20,12,23.83207,0.8536207,551
20,13,20.096724,0.68206894,822
20,14,25.78319,0.44724137,181
20,15,20.581896,0.8337069,650
20,16,18.796293,0.6087069,935
20,17,20.11388,0.93189657,966
20,18,17.969656,0.32551724,71
20,19,19.041552,0.24905172,706
20,20,20.10543,0.8107759,339
20,21,25.632069,0.42939654,162
20,22,20.314224,0.5621552,862
20,23,19.608534,0.6425,627
20,24,19.555603,0.18594828,156
20,25,28.199224,0.48844826,928
20,26,17.932758,1.2618966,398
20,27,19.255173,0.19818966,837
20,28,20.648792,0.9412931,836
20,29,20.700603,0.19456896,446
20,30,27.024742,0.36637932,332
20,31,18.47457,0.39448276,711
20,32,21.416552,0.9322414,784
20,33,18.08362,0.69974136,351
20,34,20.29,0.7425,950
20,35,15.4855175,0.40689656,253
20,36,22.898104,0.51077586,656
20,37,21.9225,0.88344824,815
20,38,17.816982,0.33301723,430
20,39,19.751122,0.8736207,344
20,40,19.898361,0.22956896,471
20,41,20.71638,0.2937931,66
20,42,18.889137,0.6172414,806
20,43,27.88638,0.67163795,89
20,44,25.480776,0.8459483,443
20,45,17.323103,0.63181037,505
20,46,17.70431,1.1451725,559
20,47,17.086206,0.29163793,717
20,48,18.500172,0.9143965,389
20,49,20.569654,0.65172416,327
20,50,16.762587,1.1356896,601
20,51,19.541897,0.48922414,848
20,52,23.372673,0.730431,306
20,53,25.670862,0.4825,797
20,54,17.099827,0.6881896,303
20,55,20.709568,0.9005172,291
20,56,25.040432,0.5617241,859
20,57,24.635948,1.5286207,146
20,58,20.1925,0.19836207,662
20,59,19.23181,1.150431,288
20,60,18.046207,0.3597414,597
20,61,19.266035,0.71534485,718
20,62,15.77069,0.38043103,255
20,63,17.834051,0.6512931,593
20,64,21.600346,0.582069,431
20,65,18.449656,0.69439656,691
20,66,27.01181,0.682931,137
20,67,18.63431,0.6297414,258
20,68,20.465,0.8750862,747
20,69,20.384655,0.8023276,139
20,70,24.556208,0.5213793,878
20,71,23.281551,0.7710345,733
20,72,20.597414,0.69405174,639
20,73,19.8425,1.3471552,131
20,74,16.375517,0.9862069,491
20,75,27.632414,0.3937931,568
20,76,22.366293,0.8518965,744
20,77,17.834051,0.6512931,40
20,78,19.180689,0.4651724,538
20,79,27.379827,0.60956895,400
20,80,20.135777,0.86060345,903
20,81,18.62069,0.7752586,448
20,82,23.306465,0.6963793,469
20,83,19.41431,0.5577586,324
20,84,17.484138,0.6948276,578
20,85,22.721897,0.8828448,577
20,86,17.0325,1.1883621,905
20,87,18.21526,0.45146552,684
20,88,20.321293,1.2275,806
20,89,18.323534,0.72775865,448
20,90,24.848793,0.51681036,439
20,91,18.21526,0.45146552,46
20,92,18.417154,0.7325,832
20,93,16.64431,0.6409483,247
20,94,17.655087,0.8271552,286
20,95,18.59319,0.9726724,971
20,96,16.506638,0.5446552,976
20,97,17.439827,0.41534483,431
20,98,21.684654,0.40706897,651
20,99,19.856724,0.43913794,260
20,100,18.100517,0.43275863,887
20,101,19.995518,0.84534484,973
20,102,17.752413,0.6963793,120
20,103,20.44181,0.6698276,949
20,104,17.483362,1.322931,111
20,105,17.373621,0.91318965,309
20,106,17.157759,0.39887932,330
20,107,19.091122,0.53181034,833
20,108,17.608017,1.3021551,243
20,109,20.24026,0.116034485,357
20,110,17.075603,1.1693103,236
20,111,24.179483,0.64818966,923
20,112,20.219225,0.46706897,592
20,113,23.076294,0.52577585,710
20,114,17.536896,0.39353448,232
20,115,19.675087,0.53706896,98
20,116,21.46655,0.32043102,662
20,117,24.032413,0.65827584,363
20,118,19.321552,0.3552586,197
20,119,17.22095,1.1273276,484
20,120,16.92931,0.35396552,500
20,121,16.395086,0.6033621,951
20,122,20.98,0.5077586,665
20,123,18.965172,1.0348276,601
20,124,27.091896,0.5142241,158
20,125,21.23043,1.2758621,36
20,126,17.082155,1.1194828,189
20,127,16.695173,1.0059483,918
20,128,18.530775,0.39387932,724
20,129,16.566034,0.33103448,27
20,130,28.482586,0.51655173,788
20,131,20.617846,0.4550862,470
20,132,20.448189,0.61241376,597
20,133,17.295345,1.2119827,1000
20,134,24.076897,0.48913792,700
20,135,18.287415,0.7537931,758
20,136,20.980862,0.46560344,665
20,137,18.382154,1.5036206,618
20,138,17.310604,0.35982758,896
20,139,19.372242,0.21017241,578
20,140,16.980776,0.72672415,563
20,141,28.667845,0.70612067,67
20,142,20.119827,0.14224137,259
20,143,28.25181,0.4712069,941
20,144,17.332932,0.91784483,910
20,145,18.940517,0.42939654,379
20,146,17.555862,0.8663793,152
20,147,17.09362,0.79422414,576
20,148,20.632242,0.86068964,382
20,149,19.721466,0.9776724,816
20,150,17.381811,0.7225862,913
20,151,17.54293,0.40120688,825
20,152,18.680517,0.5322414,633
20,153,23.843534,0.6434483,215
20,154,17.45181,0.9939655,923
20,155,19.214914,0.8409483,167
20,156,19.126982,0.46525863,254
20,157,18.782156,0.5513793,663
20,158,20.827673,0.8013793,969
20,159,21.069828,0.90215516,357
20,160,20.041723,0.74344826,635
20,161,17.586552,0.74198276,978
20,162,20.47431,0.5638793,553
20,163,20.23974,0.1337069,775
20,164,19.898018,0.6697414,536
20,165,21.1225,0.91577584,820
20,166,24.92793,0.5813793,804
20,167,17.684397,0.8608621,760
20,168,26.063965,0.64439654,397
20,169,24.215345,0.38482758,228
20,170,17.963017,0.9349138,850
20,171,22.975172,0.41586205,515
20,172,16.795948,0.95922416,857
20,173,16.256638,0.40922415,40
20,174,19.41431,0.5577586,482
20,175,17.117931,0.4939655,155
20,176,16.570862,0.38301724,727
20,177,18.695776,0.39672413,858
20,178,16.895689,0.63439655,916
20,179,16.890087,0.6076724,271
20,180,25.531034,0.657931,816
20,181,18.28069,0.4011207,617
20,182,20.650085,0.2686207,498
20,183,19.329828,0.53965515,828
20,184,25.424051,0.86172414,131
20,185,24.228535,0.66465515,785
20,186,21.154482,0.89577585,897
20,187,20.84819,0.2952586,274
20,188,23.65819,0.6871552,440
20,189,20.458363,0.50336206,956
20,190,23.880861,0.8898276,353
20,191,15.392586,0.33353448,859
20,192,20.036552,0.5131034,463
20,193,16.779396,0.68068963,458
20,194,19.618277,0.35025862,538
20,195,17.230173,1.0350862,595
20,196,15.520431,0.38051724,537
20,197,19.030344,0.39887932,818
20,198,24.268276,0.97922415,364
20,199,20.476896,0.70336205,528
20,200,20.528103,0.40896553,886
20,201,16.9625,0.4148276,71
20,202,21.35888,0.7385345,25
20,203,20.845604,0.61922413,859
20,204,21.274569,0.44362068,586
20,205,23.852758,0.72103447,44
20,206,20.719397,0.15189655,639
20,207,23.480173,0.9588793,776
20,208,16.835949,1.1022414,496
20,209,16.635603,1.159138,274
20,210,17.018793,1.0302587,853
20,211,20.521551,1.1631035,29
20,212,20.902672,0.5950862,757
20,213,20.820173,0.7621552,629
20,214,17.771294,0.2949138,16
20,215,16.742414,0.6331897,495
20,216,17.605345,0.38293102,295
20,217,17.92362,1.2695689,506
20,218,17.842241,1.3631897,860
20,219,19.563362,0.4623276,988
20,220,18.118017,0.31844828,109
20,221,16.464224,0.6475862,737
20,222,18.603104,0.42068964,576
20,223,18.727673,0.37077585,784
20,224,16.473448,0.34086207,17
20,225,24.030258,0.60275865,467
20,226,19.475517,0.40310344,741
20,227,18.332586,0.6463793,796
20,228,20.505087,0.16482759,384
20,229,19.875776,1.0363793,855
20,230,19.324139,0.68413794,53
20,231,21.472155,0.3586207,203
20,232,24.669138,0.59327585,793
20,233,19.576294,0.37801725,654
20,234,20.346724,0.16844827,488
20,235,19.739397,0.90086204,911
20,236,20.952156,0.99810344,422
20,237,19.67388,0.8813793,45
20,238,20.581724,0.7502586,732
20,239,16.664051,0.9201724,795
20,240,17.200775,0.8273276,164
20,241,19.995518,0.84534484,484
20,242,17.82,0.62517244,183
20,243,20.056982,0.67810345,647
20,244,20.420776,0.13853449,226
20,245,20.625172,0.7538793,546
20,246,17.617414,0.31310344,828
20,247,15.77069,0.38043103,166
20,248,28.333965,0.50405174,409
20,249,20.564053,0.17793104,162
20,250,17.099827,0.6881896,310
20,251,19.895517,0.47836208,800
20,252,17.360863,1.2,851
20,253,22.468534,0.9790517,994
20,254,19.48181,1.0613793,683
20,255,18.246983,1.4356897,409
20,256,16.929827,0.2885345,238
20,257,17.796034,0.325,321
20,258,16.910086,1.0237069,426
20,259,19.944483,0.5913793,688
20,260,16.351208,0.5617241,821
20,261,20.941206,1.0212069,698
20,262,17.01431,0.3287931,410
20,263,20.231466,0.79344827,538
20,264,16.892586,0.3215517,377
20,265,24.108103,1.0189655,930
20,266,24.782845,0.8653448,222
20,267,15.249224,0.41431034,900
20,268,20.577156,0.73568964,263
20,269,17.310776,1.2001724,625
20,270,17.876207,0.23991379,460
20,271,18.552328,0.96336204,136
20,272,22.497068,0.6609483,670
20,273,17.54819,1.1423275,873
20,274,18.281551,1.3130172,108
20,275,20.90569,0.40836206,957
20,276,18.776983,0.18224138,458
20,277,19.086637,1.7666379,144
20,278,25.800173,0.7315517,687
20,279,19.734655,1.027069,759
20,280,17.98457,0.4150862,631
20,281,17.099827,0.6881896,25
20,282,24.373535,0.68051726,33
20,283,16.989914,0.3512069,643
20,284,20.228104,0.59034485,179
20,285,25.088966,0.59353447,192
20,286,17.83181,0.6949138,37
20,287,16.793104,0.35793105,190
20,288,16.95293,0.33655173,159
20,289,20.006638,0.8390517,480
20,290,20.63888,0.7375862,55
20,291,21.28,0.7436207,283
20,292,18.779139,0.85525864,578
20,293,18.21,0.5550862,251
20,294,17.100603,0.6563793,688
20,295,20.184914,0.79077584,849
20,296,16.532413,0.43318966,545
20,297,17.766638,1.3557758,925
20,298,18.495,0.4289655,647
20,299,17.408276,0.32844827,803
20,300,23.654913,0.6953448,816
20,301,20.681896,0.74905175,246
20,302,23.735258,0.6462931,211
20,303,17.408276,0.32844827,685
20,304,17.25431,0.50293106,891
20,305,26.347069,0.41862068,843
20,306,20.33957,0.9451724,712
20,307,26.521982,0.75155175,987
20,308,27.546724,0.46724138,696
20,309,24.784914,0.47922415,930
20,310,19.117931,0.7116379,719
20,311,18.600172,0.28396553,746
20,312,24.507154,0.6157759,971
20,313,18.426207,0.2662069,947
20,314,19.6025,0.7898276,548
20,315,20.522327,0.7587931,674
20,316,18.889482,0.8037069,832
20,317,16.787672,0.9325,906
20,318,25.381207,0.6434483,22
20,319,17.720087,1.1255172,17
20,320,17.246723,1.1556896,627
20,321,17.568275,0.44982758,472
20,322,20.505087,0.16482759,563
20,323,20.408707,0.30818966,298
20,324,26.082758,0.9011207,434
20,325,20.88474,0.4200862,397
20,326,19.358965,0.29706895,864
20,327,27.927845,0.8167241,664
20,328,20.632673,0.5825,226
20,329,18.409569,1.3867241,90
20,330,21.165344,0.3334483,590
20,331,16.969397,0.8671552,201
20,332,16.695517,0.65112066,463
20,333,20.81888,0.45594826,829
20,334,25.589914,0.8509483,463
20,335,16.994396,0.37172413,310
20,336,17.85,0.3627586,562
20,337,18.184654,0.39172414,384
20,338,17.834051,0.6512931,842
20,339,16.473534,0.834569,790
20,340,19.39112,0.6247414,366
20,341,16.42595,0.5915517,767
20,342,19.87526,0.62560344,309
20,343,18.940517,0.42939654,826
20,344,22.64888,0.6863793,185
20,345,24.773535,0.6459483,47
20,346,16.8975,0.7908621,116
20,347,17.928879,1.073793,685
20,348,17.666552,0.71077585,607
20,349,19.463104,0.48215517,247
20,350,18.82276,0.4862069,458
20,351,19.967155,0.7362931,205
20,352,20.656725,0.8312069,266
20,353,19.346207,0.7734483,242
20,354,20.505087,0.16482759,944
20,355,19.14612,0.20379311,183
20,356,18.430431,0.33060345,956
20,357,21.396465,0.45517242,748
20,358,19.484913,0.95,636
20,359,15.939052,0.45905173,918
20,360,20.3225,0.73594826,676
20,361,16.670862,0.8856897,448
20,362,18.791897,0.7371552,369
20,363,16.484741,0.5933621,557
20,364,22.526035,0.94043106,172
20,365,16.131811,0.4487931,675
20,366,21.819828,0.6966379,500
20,367,24.696293,0.5600862,403
20,368,20.192156,0.5727586,700
20,369,20.096724,0.68206894,242
20,370,16.675861,1.0599138,406
20,371,17.394396,1.1389655,929
20,372,17.853275,1.111638,304
20,373,17.71655,0.32517242,737
20,374,20.40457,0.14810345,332
20,375,19.091122,0.53181034,856
20,376,18.892586,0.5159483,745
20,377,20.713448,1.294569,800
20,378,18.692327,0.9761207,908
20,379,16.922327,1.0793966,548
20,380,19.248104,0.4387931,562
20,381,20.63888,0.7375862,145
20,382,18.313965,1.1140517,167
20,383,16.65681,0.92456895,994
20,384,19.356638,0.74801725,270
20,385,19.65431,0.574569,848
20,386,21.784483,0.9838793,927
20,387,20.373362,0.77939653,377
20,388,19.325603,0.8309483,981
20,389,20.54569,0.7368103,373
20,390,19.091122,0.53181034,130
20,391,19.45388,0.8049138,240
20,392,18.489655,1.2438793,119
20,393,20.522327,0.7587931,534
20,394,20.53931,0.3813793,49
20,395,17.878448,0.3490517,261
20,396,20.171465,0.21646552,536
20,397,16.658018,1.3737931,208
20,398,19.651207,0.9709483,536
20,399,18.843275,0.60327584,171
20,400,18.43681,0.50586206,576
20,401,26.07862,0.63474137,39
20,402,25.998276,0.8186207,528
20,403,19.675087,0.53706896,951
20,404,16.327328,0.47439656,459
20,405,17.248276,0.81870687,962
20,406,23.287931,0.50301725,376
20,407,22.927069,1.8164655,885
20,408,16.618189,0.8906897,622
20,409,18.82276,0.4862069,801
20,410,22.376984,0.7556897,887
20,411,18.940517,0.42939654,809
20,412,23.600948,0.5712931,167
20,413,26.639137,1.1175,751
20,414,25.952587,0.69689655,130
20,415,23.396982,0.73672414,452
20,416,18.349915,0.22767241,501
20,417,24.540604,0.6448276,629
20,418,24.476639,0.654569,246
20,419,15.579483,0.44094828,86
20,420,17.423965,1.0922414,865
20,421,26.022327,0.5348276,480
20,422,16.354311,0.40310344,624
20,423,16.601294,0.96715516,342
20,424,19.684914,1.2027587,532
20,425,18.376379,0.25724137,518
20,426,17.453104,1.1254311,846
20,427,24.377758,0.70896554,710
20,428,19.161552,0.76965517,714
20,429,19.089483,0.9609483,917
20,430,17.69181,1.0731896,220
20,431,19.839052,0.2112931,129
20,432,19.128965,0.38586208,14
20,433,22.522758,0.56413794,996
20,434,20.23974,0.1337069,356
20,435,18.776724,0.3373276,261
20,436,18.565,0.26025862,466
20,437,18.213879,0.4301724,981
20,438,19.063276,0.19267242,433
20,439,26.402931,0.61,155
20,440,23.117931,0.44681033,480
20,441,27.810173,0.43344828,238
20,442,16.92931,0.35396552,215
20,443,16.60207,0.44465518,752
20,444,18.3825,1.0898275,544
20,445,17.393448,1.1394827,169
20,446,18.074656,1.1043966,327
20,447,22.520863,0.9950862,93
20,448,19.836466,1.1274137,853
20,449,20.341465,0.7762931,655
20,450,20.941465,1.0317241,410
20,451,17.372154,0.3314655,59
20,452,20.49388,0.7937069,123
20,453,27.14069,0.5675862,348
20,454,19.605776,0.37801725,656
20,455,21.128448,0.9326724,132
20,456,19.656897,0.6240517,925
20,457,20.618534,0.5777586,478
20,458,19.619139,0.46715516,82
20,459,20.05474,0.4837069,920
20,460,21.809483,0.7106034,108
20,461,18.026466,0.58,525
20,462,18.608362,0.65568966,889
20,463,17.506207,0.54491377,752
20,464,17.219913,0.25836205,109
20,465,22.09931,0.40034482,519
20,466,22.224741,0.9086207,709
20,467,25.62181,0.8184483,687
20,468,23.573793,0.73741376,39
20,469,18.620087,1.133362,543
20,470,22.70526,0.55344826,222
20,471,18.326035,0.37284482,376
20,472,25.06181,0.5171552,715
20,473,16.992327,0.4371552,807
20,474,25.486982,0.65043104,534
20,475,19.847586,0.46086207,623
20,476,19.236897,0.5340517,459
20,477,20.296034,0.95681036,121
20,478,17.307413,0.51258624,302
20,479,16.64638,0.7250862,390
20,480,16.470087,1.0017241,657
20,481,17.444828,1.1521552,779
20,482,25.96043,1.1181897,550
20,483,17.526724,0.8048276,841
20,484,20.190172,0.90818965,694
20,485,26.60207,1.387931,701
20,486,16.702845,0.54663795,978
20,487,17.676723,0.72853446,201
20,488,16.771639,0.26689655,925
20,489,23.890087,0.7214655,298
20,490,19.720259,0.13887931,99
20,491,18.546034,1.3852586,713
20,492,17.677328,1.2781897,882
20,493,16.742414,0.6331897,709
20,494,17.810947,0.93267244,267
20,495,22.279655,0.92025864,82
20,496,16.254051,0.40896553,566
20,497,21.856466,0.5908621,626
20,498,24.690603,0.8462931,744
20,499,16.638103,0.89258623,802
20,500,18.85,1.4205172,920
20,501,19.274137,0.59172416,33
20,502,20.477673,0.45198277,496
20,503,17.310604,0.35982758,938
20,504,16.232931,0.6075,178
20,505,26.34543,0.5312931,727
20,506,17.704742,0.35612068,113
20,507,26.510517,1.1527586,34
20,508,25.714138,0.33137932,147
20,509,25.634655,0.5131897,487
20,510,18.508793,1.0521551,873
20,511,17.573793,0.95827585,216
20,512,18.258535,1.1163793,20
20,513,23.806725,0.5891379,767
20,514,19.080431,0.47913793,73
20,515,26.136982,0.9087069,466
20,516,19.955,1.1822413,524
20,517,19.386724,0.37672412,558
20,518,16.891638,0.75870687,929
20,519,18.55638,0.44103447,302
20,520,19.53888,0.8653448,222
20,521,16.380344,0.4249138,464
20,522,17.456896,0.35517243,317
20,523,16.428276,0.6287069,379
20,524,17.976465,0.65181035,590
20,525,26.493017,0.76939654,645
20,526,23.833534,0.6512069,289
20,527,18.699139,0.20327586,642
20,528,17.625172,0.7165517,182
20,529,20.262587,0.7826724,572
20,530,19.889051,0.6048276,813
20,531,17.85888,0.70793104,882
20,532,17.307156,1.1,542
20,533,18.7975,0.7865517,628
20,534,19.735603,0.795,498
20,535,18.423965,1.1346551,829
20,536,16.710173,0.8862931,867
20,537,18.771982,0.86344826,275
20,538,18.807156,0.80163795,573
20,539,18.332586,0.6463793,521
20,540,17.294138,0.63336205,73
20,541,17.883448,0.35568964,721
20,542,20.561897,0.72310346,783
20,543,22.784052,0.66181034,312
20,544,16.21569,0.69431037,462
20,545,20.150948,0.16284482,295
20,546,17.989052,0.41948277,66
20,547,17.25793,0.41275862,870
20,548,18.857155,0.25275862,905
20,549,18.27569,1.019138,400
20,550,18.48681,0.43370688,134
20,551,19.918362,0.45818967,420
20,552,17.214483,0.3000862,209
20,553,18.149397,0.55068964,908
20,554,18.961637,0.5175,733
20,555,20.096724,0.68206894,778
20,556,17.157759,0.39887932,340
20,557,27.275517,0.4261207,618
20,558,19.154827,0.25068966,340
20,559,22.551723,0.57043105,375
20,560,17.736637,0.43387932,283
20,561,20.484655,0.4222414,989
20,562,16.891638,0.75870687,116
20,563,19.960258,0.8072414,366
20,564,18.485,1.2201724,799
20,565,19.838017,0.72525865,835
20,566,18.864483,1.4977586,847
20,567,20.500172,0.79353446,103
20,568,19.96069,0.7041379,165
20,569,17.684225,0.84577584,900
20,570,18.52293,1.5025862,70
21,1,15.151982,0.3436207,648
21,2,23.281034,0.48431033,985
21,3,22.168879,1.1490517,527
21,4,16.748018,0.2937931,974
21,5,17.350777,0.9005172,754
21,6,17.956293,0.4188793,314
21,7,22.332932,0.82439655,741
21,8,16.231035,0.28681034,939
21,9,22.721897,0.94086206,432
21,10,19.331553,0.25431034,83
21,11,21.855604,0.7517241,169
21,12,15.393189,0.22215517,171
21,13,20.82362,0.07318965,904
21,14,19.382414,0.3989655,567
21,15,15.970948,0.41922414,674
21,16,14.526034,0.2275,202
21,17,14.425344,0.24086207,360
21,18,19.638275,0.26818967,279
21,19,14.9147415,0.8072414,330
21,20,19.370775,0.315,712
21,21,21.624224,0.7912069,146
21,22,16.420862,0.87336206,146
21,23,15.2980175,0.22887932,587
21,24,22.616207,1.0904311,566
21,25,21.791811,0.4724138,350
21,26,10.33819,0.49422413,518
21,27,18.667068,0.2787931,810
21,28,19.803793,0.43344828,44
21,29,20.3725,0.44646552,235
21,30,19.803793,0.43344828,683
21,31,21.952068,0.60034484,208
21,32,21.883448,0.88905174,454
21,33,16.793707,0.81982756,185
21,34,15.201638,0.43836206,221
21,35,19.949913,0.14232759,949
21,36,19.933275,0.23948276,992
21,37,20.09181,0.35732758,143
21,38,18.005949,0.2736207,222
21,39,17.1875,0.32612067,307
21,40,17.292154,0.42853448,964
21,41,16.214224,0.46025863,304
21,42,22.470604,0.86275864,588
21,43,20.503448,0.52396554,666
21,44,14.527586,0.19172414,709
21,45,15.193966,0.2712069,215
21,46,17.918966,0.1275,867
21,47,22.227242,1.1772413,843
21,48,10.123534,0.49465516,400
21,49,17.41569,0.40310344,659
21,50,18.839483,0.32922414,271
21,51,21.581034,0.9972414,711
21,52,20.990086,0.41,516
21,53,14.541552,0.28189656,530
21,54,14.400603,0.30698276,730
21,55,20.47276,0.78853446,934
21,56,22.364311,0.9324138,646
21,57,17.193018,0.32413793,204
21,58,14.670517,0.25586206,650
21,59,22.916206,0.97456896,282
21,60,11.06431,0.37698275,458
21,61,21.562155,0.30775863,587
21,62,21.71,0.72931033,786
21,63,16.178362,0.13189656,18
21,64,25.241638,0.6600862,995
21,65,16.428793,0.27655172,367
21,66,22.259398,1.0275862,971
21,67,14.350345,0.22922413,22
21,68,21.21638,0.54387933,69
21,69,17.857155,0.9055172,221
21,70,20.814053,0.5343965,894
21,71,18.092587,0.47724137,971
21,72,20.915344,0.5162069,260
21,73,21.867155,0.8859483,896
21,74,10.987242,0.6048276,880
21,75,18.083189,0.37525862,461
21,76,21.61319,0.50698274,185
21,77,19.998362,0.43905172,390
21,78,17.420776,0.31508622,64
21,79,19.377413,0.27206898,232
21,80,19.31319,0.395,700
21,81,21.611725,0.8011207,849
21,82,19.85362,0.33706897,164
21,83,14.371379,0.22818966,198
21,84,20.180689,0.45551723,336
21,85,22.047672,1.1054311,511
21,86,23.669397,0.7063793,471
21,87,21.900776,0.9413793,10
21,88,20.563448,0.44318965,299
21,89,22.198708,0.68310344,459
21,90,13.941293,0.40568966,855
21,91,19.095604,0.44112068,727
21,92,19.05276,0.28008622,732
21,93,14.007931,0.23086207,511
21,94,14.929482,0.2087931,490
21,95,20.674225,0.45887932,436
21,96,16.011724,0.22956897,722
21,97,18.125776,0.2687069,896
21,98,19.614223,0.35094827,942
21,99,17.30224,0.17120689,621
21,100,19.051638,0.42534482,828
21,101,18.020517,0.31965518,95
21,102,11.450258,0.4572414,752
21,103,17.874828,0.13905172,903
21,104,15.454656,0.29431033,738
21,105,14.565259,0.16232759,26
21,106,17.196896,0.62732756,850
21,107,21.430948,0.5389655,105
21,108,15.48638,0.23724137,431
21,109,18.442759,0.3785345,694
21,110,16.938103,0.24198276,915
21,111,24.399311,0.66715515,231
21,112,21.066551,0.89974135,138
21,113,22.5575,1.0943966,998
21,114,17.268448,0.6618965,87
21,115,16.612413,0.2687931,765
21,116,17.154655,0.3398276,798
21,117,15.549051,0.22586207,659
21,118,17.10319,0.29189655,430
21,119,15.950948,0.5366379,980
21,120,18.744139,0.12784483,808
21,121,20.181034,0.72637933,824
21,122,10.319828,0.33413792,15
21,123,20.237673,0.47715518,421
21,124,20.487413,0.10482758,632
21,125,15.0103445,0.49327585,910
21,126,13.686465,0.5199138,444
21,127,21.506723,0.6225862,251
21,128,15.627155,0.26655173,720
21,129,20.99931,0.13853449,542
21,130,15.4271555,0.24258621,700
21,131,20.594742,0.35422415,672
21,132,12.439224,0.41543102,739
21,133,21.5825,0.65784484,277
21,134,11.898706,0.3262931,514
21,135,19.738707,0.5951724,359
21,136,15.201638,0.43836206,64
21,137,15.231465,0.22060345,371
21,138,8.319828,0.6690517,374
21,139,22.38474,0.8603448,471
21,140,14.107242,0.5241379,736
21,141,21.9725,0.9733621,51
21,142,15.773276,0.26396552,636
21,143,9.648448,0.49991378,689
21,144,17.343534,0.25344828,597
21,145,22.875603,0.37086207,803
21,146,21.428448,0.42784482,656
21,147,21.990517,0.77465516,111
21,148,13.686465,0.5199138,546
21,149,18.575,0.12,680
21,150,20.76,0.63405174,594
21,151,18.005949,0.2736207,364
21,152,16.202156,0.27913794,541
21,153,18.492931,0.4150862,467
21,154,17.883535,0.2652586,315
21,155,22.327414,1.0293103,882
21,156,19.097586,0.2025,628
21,157,22.778793,1.1097413,428
21,158,23.304138,0.56732756,735
21,159,20.802673,0.7219828,995
21,160,21.630259,0.86318964,722
21,161,18.609655,0.17034483,366
21,162,18.805777,0.4011207,471
21,163,13.765431,0.33827585,206
21,164,16.554827,0.35448277,894
21,165,18.924051,0.71689653,645
21,166,19.89069,0.8112931,799
21,167,16.689915,0.30663794,547
21,168,19.747068,0.8892241,597
21,169,20.751122,0.5099138,325
21,170,14.846121,0.23077586,74
21,171,19.093103,0.28560346,690
21,172,15.376121,0.32327586,131
21,173,15.7006035,0.27818966,341
21,174,17.205086,0.38689655,567
21,175,11.506897,0.6832759,788
21,176,20.712673,0.86922413,30
21,177,18.403362,0.26215518,920
21,178,21.496725,0.6637931,933
21,179,14.25888,0.2687931,470
21,180,10.88388,0.5098276,369
21,181,13.819655,0.3937931,190
21,182,18.778017,0.29853448,685
21,183,19.569052,0.54077584,66
21,184,20.343706,0.5557759,884
21,185,19.21138,0.8150862,351
21,186,16.067587,0.4485345,480
21,187,21.392155,0.49163795,465
21,188,12.708017,0.91077584,926
21,189,18.566896,0.305,30
21,190,20.954311,0.40474138,208
21,191,21.834742,0.9716379,711
21,192,22.050087,0.54698277,29
21,193,19.788277,0.5050862,927
21,194,24.78319,0.7056034,327
21,195,18.413189,0.18956897,129
21,196,21.85,0.5915517,230
21,197,21.667673,0.7240517,137
21,198,22.029827,0.8941379,833
21,199,14.329052,0.22086206,108
21,200,15.087759,0.2551724,201
21,201,21.5825,0.65784484,950
21,202,17.417673,0.3327586,403
21,203,18.950172,0.28258622,816
21,204,17.063622,0.32905173,281
21,205,18.138449,0.22551724,434
21,206,21.455345,0.7357759,85
21,207,15.759224,0.38206896,367
21,208,15.93069,0.41413793,872
21,209,19.338535,0.25913793,781
21,210,19.106552,0.42948276,110
21,211,13.446638,0.18913794,945
21,212,14.267155,0.23689654,431
21,213,23.419052,0.70681036,714
21,214,20.518276,0.09974138,714
21,215,17.886293,0.33275864,589
21,216,20.605173,0.51,28
21,217,19.821552,0.25931033,784
22,1,14.75388,0.39887932,168
22,2,18.460087,0.2535345,998
22,3,19.6575,0.29060346,608
22,4,15.396552,0.15767242,578
22,5,15.867069,0.062155172,982
22,6,18.216896,0.19689655,421
22,7,15.944655,0.058793105,20
22,8,16.248276,0.25948277,656
22,9,20.821207,0.47560346,404
22,10,18.405775,0.38206896,614
22,11,15.974828,0.08198276,141
22,12,16.304396,0.17594828,789
22,13,15.992586,0.15887931,644
22,14,17.0225,0.09163793,354
22,15,16.795776,0.19336207,615
22,16,15.680431,0.25836205,17
22,17,16.493965,0.11741379,454
22,18,15.683966,0.06810345,709
23,1,28.398792,0.26922414,138
23,2,26.93957,1.680431,469
23,3,29.062845,0.37491378,641
23,4,27.835173,1.322931,33
23,5,27.96474,0.3798276,957
23,6,26.60181,0.88431036,371
23,7,27.614052,0.7286207,936
23,8,26.933535,0.62310344,689
23,9,26.76388,0.7026724,393
23,10,27.163534,1.1346551,254
23,11,27.96474,0.3798276,556
24,1,18.046638,0.04137931,108
24,2,22.942759,0.2662069,815
24,3,24.111725,0.6262069,276
24,4,19.504827,0.10948276,942
24,5,22.87181,0.20672414,861
24,6,19.769138,0.12922414,326
24,7,21.180431,0.13465518,833
24,8,22.680086,0.20646551,128
24,9,18.610518,0.048275862,919
24,10,24.06681,0.3875,641
24,11,22.118189,0.2775,230
24,12,24.616034,0.5259483,655
24,13,26.196898,0.77336204,926
24,14,23.9825,0.5062931,308
24,15,18.396294,0.10525862,513
24,16,27.258707,0.83534485,370
24,17,22.87112,0.1874138,350
24,18,22.724655,0.45172414,116
24,19,21.570604,0.27405173,601
24,20,21.856293,0.16517241,993
24,21,18.227758,0.039913792,958
24,22,19.182673,0.059568968,41
24,23,22.594397,0.26784483,647
24,24,22.563103,0.335,814
24,25,18.426552,0.04922414,827
24,26,25.873878,0.5464655,46
24,27,19.44569,0.20681034,29
24,28,18.744482,0.057931036,621
24,29,26.035776,0.60275865,822
24,30,20.270346,0.22146551,809
24,31,21.875086,0.36698276,756
24,32,18.297327,0.16525862,797
24,33,18.621466,0.10275862,774
24,34,27.024483,0.6649138,168
24,35,18.75819,0.043275863,471
24,36,23.979223,0.4850862,54
24,37,22.95362,0.5355172,197
24,38,25.462242,0.55025864,942
24,39,26.084568,0.5571552,848
24,40,27.12138,0.87206894,767
24,41,26.296896,0.61491376,133
24,42,26.667414,0.5462069,359
24,43,16.956293,0.11094828,266
24,44,21.212585,0.12939656,746
24,45,19.024137,0.06655172,185
24,46,17.621983,0.04077586,545
24,47,20.987844,0.13155173,624
24,48,20.29888,0.10206896,689
24,49,18.521637,0.052155174,687
24,50,18.42931,0.045258623,390
24,51,20.339828,0.122155175,880
24,52,23.54526,0.24456897,49
24,53,23.52,0.4899138,871
24,54,20.467672,0.46034482,301
24,55,18.56793,0.07663793,757
24,56,20.205345,0.046810344,536
24,57,23.00569,0.48482758,74
24,58,25.132673,0.47275862,902
25,1,30.050604,0.04775862,117
25,2,29.461723,0.225,236
25,3,25.886293,0.98663795,505
25,4,25.977587,0.77293104,355
25,5,27.439741,0.7013793,469
25,6,28.730345,0.82301724,258
25,7,29.315,0.6575862,100
25,8,28.327673,0.5631896,338
25,9,28.575,0.8575862,557
25,10,30.247759,0.29034483,228
25,11,30.160603,0.2625862,794
25,12,27.635948,0.8530173,988
25,13,28.879396,0.67775863,899
25,14,27.026638,0.89362067,452
25,15,29.568275,0.31663793,179
25,16,26.046207,0.7983621,54
25,17,28.86138,0.89431036,385
25,18,29.16181,0.23077586,102
26,1,25.088448,0.045172412,552
26,2,23.393017,0.51534486,186
26,3,28.812845,0.61275864,976
26,4,27.475777,0.011551724,198
26,5,23.992327,0.275,595
26,6,23.566725,0.16594827,981
26,7,27.992672,0.0073275864,342
26,8,23.432844,0.35474136,935
26,9,25.65974,0.23818965,349
26,10,20.461552,0.4813793,723
26,11,22.842932,0.15560345,266
26,12,29.599483,0.0625862,864
26,13,24.471207,0.07310345,190
26,14,25.155863,0.05525862,209
26,15,22.29293,0.39517242,97
26,16,27.348793,0.008448276,357
26,17,28.248966,0.00086206896,82
26,18,29.339052,0.16275862,711
26,19,22.140947,0.14517242,606
26,20,27.523535,0.00862069,153
26,21,28.004568,0.08775862,834
26,22,24.46138,0.055,859
26,23,24.095518,0.19181034,224
26,24,25.4875,0.15301724,144
26,25,30.788363,0.010517241,167
26,26,30.03181,0.031465515,330
26,27,23.183363,0.27224138,157
26,28,25.101896,0.16456896,742
26,29,29.54655,0.06422414,38
26,30,29.355516,0.018017242,445
26,31,20.959396,0.4361207,337
26,32,24.455776,0.2113793,574
26,33,30.239311,0.04646552,905
26,34,24.711897,0.058275864,214
26,35,23.977413,0.06612069,441
26,36,26.212069,0.036896553,35
26,37,27.021294,0.06284483,969
26,38,24.97,0.15896551,263
26,39,22.907413,0.22,857
26,40,22.19724,0.52146554,363
26,41,23.679655,0.26586208,11
26,42,29.803017,0.1425,828
26,43,22.923018,0.070172414,530
26,44,26.990517,0.24215516,537
26,45,26.062414,0.042327587,743
26,46,28.392069,0.007586207,878
26,47,27.6025,0.0,398
26,48,28.585173,0.0,611
26,49,28.01138,0.3297414,466
26,50,26.094137,0.033534482,129
26,51,26.39276,0.47025862,187
26,52,24.071898,0.5415517,940
26,53,24.94293,0.034224138,348
26,54,26.963793,0.13491379,755
26,55,29.289827,0.0076724137,916
26,56,28.543621,0.006465517,937
26,57,25.974655,0.1638793,334
26,58,27.386465,0.020086206,658
26,59,21.420948,0.08198276,195
26,60,25.796293,0.030603448,115
26,61,26.227758,0.23560345,541
26,62,27.780344,0.14120689,756
26,63,25.917673,0.13232759,317
26,64,27.84,0.003965517,495
26,65,26.94526,0.030689655,585
26,66,27.181725,0.06836207,930
26,67,23.575172,0.2312931,226
26,68,25.84138,0.08594827,958
26,69,22.92138,0.7199138,578
26,70,28.224827,8.620689e-05,643
26,71,29.916206,0.014224138,558
26,72,30.129742,0.011724138,255
27,1,27.563103,0.9637931,565
27,2,26.249569,0.93732756,112
27,3,25.082932,0.98948276,14
27,4,25.680603,0.77189654,490
27,5,25.09026,0.64543104,885
27,6,25.431293,0.5101724,991
27,7,26.293276,0.7651724,499
27,8,25.553017,1.236638,630
27,9,25.159224,0.6836207,1000
27,10,25.328966,0.5488793,828
27,11,25.658535,0.9780173,323
27,12,25.14819,1.0430173,713
27,13,25.373707,0.5298276,525
27,14,25.395689,0.6658621,660
27,15,23.622585,0.90439653,273
27,16,24.725431,0.7108621,226
27,17,26.724138,0.7950862,140
28,1,27.475689,0.48948276,667
28,2,26.23638,1.2003448,636
28,3,27.093103,1.0971552,349
28,4,26.613792,0.6651724,871
28,5,27.70888,0.16810344,16
28,6,21.94362,0.20336208,816
28,7,29.496466,0.14586207,968
28,8,26.84793,0.7119828,381
28,9,27.751896,0.73077583,285
28,10,27.197931,0.30948275,968
28,11,26.155344,0.5244828,622
28,12,27.050776,0.9526724,376
28,13,28.495775,0.43491378,596
28,14,30.030863,0.09336207,560
28,15,29.428621,0.12077586,656
28,16,26.982328,0.42,23
28,17,23.426983,0.5048276,343
28,18,27.587845,0.28068966,75
28,19,26.89457,0.66948277,331
28,20,25.905258,0.17344828,237
28,21,27.305689,0.9044828,142
28,22,28.939484,0.6644828,815
28,23,28.503534,0.24586207,813
28,24,29.736551,0.09896552,333
28,25,29.621035,0.10965517,284
28,26,19.433018,0.26853448,822
28,27,30.164656,0.036896553,623
28,28,26.406637,0.5235345,562
28,29,25.693535,0.5366379,738
28,30,29.022587,0.23896551,31
28,31,22.625086,0.23017241,54
28,32,28.788277,0.28939655,298
28,33,28.892328,0.3359483,768
28,34,27.131466,0.2915517,239
28,35,28.600172,0.709569,178
28,36,25.679655,0.17551725,54
28,37,26.85957,1.0326724,282
28,38,27.505861,0.75724137,376
28,39,23.807844,0.25293103,570
28,40,28.920948,0.3199138,150
28,41,27.43776,0.49577585,310
28,42,27.500948,0.24672414,352
28,43,27.911983,0.5525,100
29,1,15.988879,0.26931036,886
29,2,16.544828,0.27077585,728
29,3,15.171035,0.22689655,43
29,4,14.945259,0.23474137,306
29,5,15.650345,0.26706895,37
29,6,13.592931,0.3160345,599
29,7,15.439828,0.21870689,868
29,8,15.276896,0.22482759,358
29,9,15.439224,0.25163794,905
29,10,15.794052,0.35767242,963
29,11,15.533965,0.24965517,524
29,12,13.872155,0.31663793,609
29,13,14.582586,0.30965516,64
29,14,15.462759,0.3401724,438
29,15,14.1925,0.3837069,931
29,16,14.523535,0.26810345,199
29,17,15.713707,0.36568967,545
29,18,15.988879,0.26931036,449
29,19,13.535862,0.33568966,10
29,20,13.923965,0.29922414,27
29,21,12.614483,0.3188793,502
29,22,16.47293,0.38698277,863
29,23,14.4075,0.38646552,127
29,24,16.11526,0.3762069,375
29,25,16.00638,0.32284483,457
29,26,15.988879,0.26931036,720
29,27,16.531897,0.39956897,159
29,28,15.098707,0.36232758,770
29,29,16.640516,0.3737931,983
29,30,14.60819,0.2225862,934
29,31,14.952931,0.2636207,366
29,32,15.555431,0.43405172,200
29,33,16.906294,0.36103448,512
29,34,14.7938795,0.27637932,288
29,35,14.824138,0.19301724,322
29,36,16.857931,0.32146552,289
29,37,14.661035,0.2674138,357
29,38,15.3725,0.2437069,895
29,39,14.990172,0.2175,77
29,40,16.112673,0.3263793,550
29,41,16.47293,0.38698277,353
29,42,16.335775,0.42655173,447
29,43,16.180777,0.2803448,78
29,44,16.335775,0.42655173,922
29,45,14.533793,0.19896552,300
29,46,14.443535,0.1876724,332
29,47,14.520345,0.18663794,12
29,48,16.582241,0.3324138,570
29,49,16.014568,0.3562069,41
29,50,14.206724,0.3348276,775
29,51,16.640516,0.3737931,630
29,52,14.572759,0.28491378,780
29,53,16.640516,0.3737931,150
29,54,16.640516,0.3737931,242
29,55,15.668965,0.24448276,321
29,56,14.758276,0.35715517,240
29,57,15.723104,0.3762931,188
29,58,16.47293,0.38698277,379
29,59,16.47293,0.38698277,438
29,60,16.53138,0.3788793,161
30,1,16.713104,0.3274138,685
30,2,19.426638,0.31448275,617
30,3,25.250862,0.9164655,39
30,4,25.019655,0.73801726,966
30,5,25.372156,0.79068965,846
30,6,17.415518,0.17681034,370
30,7,25.478018,0.4115517,76
30,8,17.008535,0.30422413,595
30,9,24.083534,0.5637931,310
30,10,16.851551,0.355,910
30,11,26.326982,1.1265517,961
30,12,25.262413,0.8464655,235
30,13,25.778534,0.4900862,378
30,14,23.603361,0.4462069,49
30,15,24.876465,1.1482759,379
30,16,26.513535,0.5075862,477
30,17,23.456724,0.41982758,445
30,18,16.659828,0.14594828,731
30,19,18.42612,0.17370689,823
30,20,19.301207,0.21905172,282
30,21,24.130173,0.47965518,529
30,22,19.638018,0.305,209
30,23,19.860432,0.4197414,876
30,24,22.174225,0.51793104,985
30,25,15.348793,0.27189654,832
30,26,18.130259,0.27586207,956
30,27,24.474827,0.5784483,718
30,28,27.133535,0.51224136,256
30,29,15.89069,0.32232758,40
30,30,18.08,0.19465517,979
30,31,25.916035,0.46922413,212
30,32,23.813622,1.0931896,984
30,33,25.786121,0.5389655,336
30,34,25.604914,0.38060343,934
30,35,25.7125,0.39000002,637
30,36,18.103966,0.35086206,666
30,37,23.742414,0.68232757,747
30,38,18.749138,0.46172413,829
30,39,25.430777,0.8473276,19
30,40,24.914656,0.65284485,250
30,41,23.303017,0.34043103,29
30,42,23.906897,0.30724138,120
30,43,24.354483,0.54353446,593
30,44,22.188965,0.40155172,257
30,45,25.691034,0.9705172,620
30,46,19.68388,0.37965518,762
30,47,18.706465,0.33793104,283
30,48,25.249828,0.7891379,709
30,49,26.229828,0.6451724,310
30,50,24.483362,0.59853446,746
30,51,24.251034,0.71172416,559
30,52,24.880173,0.38172415,308
30,53,25.63819,0.52646554,168
30,54,25.701294,0.8912069,177
30,55,26.235172,0.48232758,617
30,56,26.20862,0.48465517,577
30,57,20.455948,0.4264655,679
30,58,25.601551,0.6064655,924
30,59,25.24612,0.7360345,223
30,60,26.00776,0.5532759,990
30,61,25.210258,1.4392241,888
30,62,20.241207,0.33698276,217
30,63,25.922672,0.6563793,99
30,64,23.121983,0.5734483,653
30,65,22.642586,0.58068967,57
30,66,24.320173,0.6763793,107
30,67,22.646465,0.58724135,25
30,68,21.521551,0.3011207,145
30,69,25.90362,0.47793102,234
30,70,25.200087,1.3866379,517
30,71,20.66793,0.41215518,81
30,72,17.19681,0.4686207,413
30,73,24.537415,1.1437931,71
30,74,19.003794,0.21827586,942
30,75,25.810776,0.8203448,903
30,76,20.976208,0.47293103,44
30,77,25.452154,1.1998276,107
30,78,25.746035,0.4237931,925
30,79,17.496466,0.36482757,488
30,80,21.744225,0.4078448,936
30,81,17.631292,0.24931034,954
30,82,24.901293,0.71043104,753
30,83,24.793966,0.66965514,870
30,84,25.446724,0.86939657,682
30,85,21.133535,0.33155173,428
30,86,15.86,0.36465517,411
30,87,19.202328,0.44396552,243
30,88,22.57431,0.4662931,138
30,89,25.350086,0.7443103,18
30,90,26.264742,0.50301725,858
30,91,25.07457,1.5530173,589
30,92,17.499052,0.38948277,935
30,93,19.43431,0.41767243,910
30,94,25.357845,1.0811207,707
30,95,23.393965,0.35146552,601
30,96,19.217155,0.3336207,540
30,97,25.725863,0.9797414,50
30,98,20.56793,0.23974138,942
30,99,16.59,0.20172414,701
30,100,26.089396,0.49198276,599
30,101,17.939915,0.2787069,554
30,102,24.3175,0.4836207,783
30,103,22.89043,0.5688793,155
30,104,24.78112,1.0139655,557
30,105,26.431465,0.7084483,361
30,106,19.426638,0.31448275,605
30,107,15.6785345,0.25275862,366
30,108,25.266552,1.3074138,53
30,109,22.821638,0.44362068,781
30,110,20.498535,0.27672413,745
30,111,24.840345,0.7084483,586
30,112,19.717413,0.46474138,792
30,113,22.520258,0.3101724,909
30,114,25.617327,0.4174138,943
30,115,17.831553,0.21336207,313
30,116,25.536034,0.43913794,619
30,117,25.21638,0.48318964,861
30,118,19.663448,0.23620689,688
30,119,25.714483,0.63698274,683
30,120,25.243277,0.5153448,765
30,121,26.393534,1.2988793,116
30,122,25.15457,0.8412931,384
30,123,26.999052,1.3599138,178
30,124,25.152845,0.84043103,589
30,125,25.121897,0.51801723,306
30,126,25.821638,0.5936207,49
30,127,15.948448,0.29293105,443
30,128,14.402328,0.28672415,146
30,129,26.446552,0.51689655,104
30,130,25.198189,0.9360345,992
30,131,25.196552,0.5038793,651
30,132,16.116293,0.3062931,35
30,133,27.176207,1.0164655,450
30,134,25.003794,0.6562069,295
30,135,20.810604,0.25767243,181
30,136,17.264225,0.3135345,468
30,137,19.789827,0.25439656,265
30,138,18.624224,0.22896552,823
30,139,25.058706,0.8990517,667
30,140,19.82931,0.23094827,853
30,141,24.395948,1.3760345,645
30,142,25.373535,1.0411206,775
30,143,24.645603,1.2397413,78
30,144,25.427155,0.89362067,215
30,145,25.416035,0.54844826,816
30,146,21.362068,0.38732758,506
30,147,18.57569,0.22525862,586
30,148,25.880861,0.49706897,134
30,149,24.120344,1.0256896,605
30,150,26.505259,0.82336205,615
30,151,26.516035,0.9937931,753
30,152,26.833965,1.2681897,219
30,153,25.467844,0.44439656,502
30,154,26.000517,0.6650862,911
30,155,26.325344,0.7586207,73
30,156,16.662931,0.28560343,700
30,157,25.36862,0.61810344,645
30,158,26.102673,0.57431036,760
30,159,18.746206,0.23543103,888
30,160,25.79069,0.7289655,906
30,161,26.702156,0.71077585,957
30,162,22.135603,0.4061207,861
30,163,19.394741,0.3312931,621
30,164,20.56793,0.38931036,856
30,165,22.896034,0.3962931,356
30,166,20.832586,0.4837069,116
30,167,25.668879,0.42905173,850
30,168,20.853535,0.29698277,698
30,169,25.565086,1.0773276,634
30,170,20.483276,0.5176724,287
30,171,19.016724,0.20043103,427
30,172,25.42569,0.88655174,203
30,173,24.86293,0.4847414,892
30,174,26.04319,0.94,840
30,175,25.385345,0.68318963,436
30,176,25.739311,0.7447414,220
30,177,17.40181,0.34681034,397
30,178,25.270086,1.0693103,418
30,179,23.521896,0.46810344,178
30,180,22.534052,0.5678448,537
30,181,26.092413,0.86879313,26
30,182,17.20069,0.29672414,318
30,183,22.355862,0.46956897,356
30,184,18.774052,0.18172413,711
30,185,19.91457,0.2487931,944
30,186,20.753277,0.3238793,665
30,187,18.66043,0.31646553,685
30,188,21.789656,0.43155172,279
30,189,26.026724,0.6822414,803
30,190,25.729311,0.67939657,519
30,191,26.308449,0.46,208
30,192,25.809483,0.36939657,333
30,193,26.724224,0.6,431
30,194,15.04181,0.20948276,551
30,195,18.62138,0.18163793,536
30,196,24.685173,0.42301723,214
30,197,21.725603,0.32586208,479
30,198,18.999052,0.4899138,170
30,199,25.253706,0.53206897,248
30,200,24.074741,0.5102586,12
30,201,22.25207,0.40060344,401
30,202,22.658966,0.5568103,176
30,203,22.32224,0.5688793,436
30,204,25.236725,0.7877586,153
30,205,26.956896,0.58689654,769
30,206,24.888018,0.57474136,561
30,207,25.948277,0.8455172,515
30,208,25.565346,0.8976724,360
30,209,24.968794,0.8862931,348
30,210,24.595345,1.7667241,622
30,211,25.614223,0.40775862,17
30,212,24.952328,0.75482756,597
31,1,26.259052,1.1342242,967
31,2,26.455,0.84215516,300
31,3,25.562414,0.39198276,483
31,4,26.807673,0.5493966,782
31,5,26.76957,0.6,673
31,6,26.621552,0.72853446,721
31,7,26.700603,0.6,822
31,8,26.509052,0.6519828,255
31,9,26.816982,0.7269828,752
31,10,26.072155,0.44,667
31,11,26.747068,0.3336207,658
31,12,26.658966,0.7249138,639
31,13,26.746983,0.6103448,234
31,14,27.021725,0.6949138,967
31,15,26.344137,0.7481896,964
31,16,25.76,0.34284484,413
31,17,26.695776,0.84396553,491
31,18,25.973793,0.9800862,348
31,19,26.989223,0.6885345,374
31,20,26.88655,0.5137931,827
31,21,26.986725,0.76551723,784
31,22,26.518793,0.7489655,680
31,23,26.595947,0.9612931,791
31,24,25.9875,0.55448276,104
31,25,25.821896,0.70974135,182
31,26,26.885,0.6352586,603
31,27,26.860518,0.82724136,173
31,28,26.892414,0.6586207,398
31,29,26.789913,0.9074138,905
31,30,26.911638,0.68336207,873
31,31,26.55707,0.5639655,621
31,32,26.667242,1.033362,125
31,33,26.012587,0.8711207,601
31,34,26.552155,0.64336205,177
31,35,26.71655,0.5675,54
31,36,26.380173,0.68198276,207
31,37,26.5275,0.5249138,994
31,38,27.245344,0.7462069,547
31,39,27.025776,0.59310347,857
31,40,26.69112,0.6048276,512
31,41,26.511982,0.8185345,217
31,42,26.688276,0.43215516,632
31,43,26.938965,0.6502586,928
31,44,26.845604,0.6326724,791
31,45,26.274742,0.84293103,863
31,46,26.042673,0.8203448,683
31,47,25.777586,0.58543104,162
31,48,26.20569,1.0264655,279
31,49,26.109482,0.5344828,766
31,50,26.744482,1.147931,329
31,51,26.850863,0.5627586,680
31,52,26.812069,0.8146552,394
31,53,25.834742,1.1686207,364
31,54,26.740602,0.63586205,840
31,55,26.055603,0.9475,979
31,56,25.411379,0.6668965,867
31,57,26.595861,0.6878448,766
31,58,26.10362,0.7612931,801
31,59,28.322155,0.76198274,433
31,60,26.842844,0.45344827,718
31,61,27.078362,0.4425,670
31,62,26.064224,1.0129311,12
31,63,26.864742,0.68594825,565
31,64,26.479052,0.5890517,398
31,65,26.782759,0.52172416,759
31,66,25.431725,0.84474134,922
31,67,26.508362,0.7893966,119
31,68,26.885603,0.7611207,970
31,69,26.46138,0.5036207,622
31,70,26.581984,0.6813793,735
31,71,26.67957,0.43448275,254
31,72,26.830172,0.64474136,461
31,73,25.93207,0.41456896,692
31,74,26.63276,0.5788793,458
31,75,25.835949,0.46474138,809
31,76,26.241293,1.0862069,604
31,77,26.530432,0.61448276,485
31,78,26.828362,0.56810343,60
31,79,25.513966,0.80051726,53
31,80,26.160862,0.71965516,624
31,81,26.904741,0.78077585,465
31,82,26.773535,0.64672416,328
31,83,26.923018,0.6112931,301
31,84,26.712585,0.72103447,734
31,85,26.758879,0.9797414,424
31,86,26.757673,0.6064655,218
31,87,27.109482,0.6360345,460
31,88,26.826725,0.65034485,623
31,89,25.690432,0.91991377,572
31,90,26.302242,1.0862069,77
31,91,26.940172,0.82586205,884
31,92,26.850172,0.8824138,519
31,93,26.629051,0.70698273,561
31,94,25.761639,0.3322414,231
31,95,26.607069,0.70534486,604
31,96,26.924482,0.99982756,461
31,97,26.664656,0.57689655,604
31,98,25.854654,0.4847414,694
31,99,26.929655,0.7886207,843
31,100,27.133362,0.722931,182
31,101,26.738276,0.92068964,582
31,102,26.995258,0.9882759,559
31,103,26.671984,0.5330172,967
31,104,26.431896,0.8450862,832
31,105,26.71569,0.5752586,377
31,106,26.893965,0.7896552,441
32,1,22.738792,0.07310345,405
32,2,21.247845,0.06456897,998
32,3,20.439915,0.07517242,930
32,4,21.094051,0.15637931,971
32,5,15.488448,0.027068965,950
32,6,17.713104,0.058534484,940
32,7,20.697155,0.12112069,667
32,8,17.72457,0.027155172,413
32,9,15.760173,0.1486207,648
32,10,16.393534,0.11344828,194
32,11,22.709139,0.19327585,687
32,12,14.768276,0.030603448,124
32,13,15.455173,0.020775862,641
32,14,19.373621,0.12008621,818
32,15,18.930172,0.039482757,906
32,16,18.710518,0.033189654,740
32,17,17.048275,0.04310345,156
32,18,21.220776,0.05353448,547
32,19,22.059483,0.074655175,407
32,20,15.681207,0.041293103,715
32,21,15.926552,0.1600862,525
32,22,18.45888,0.09965517,81
32,23,22.911896,0.07612069,824
32,24,18.822672,0.018448276,164
32,25,19.038534,0.021034483,773
32,26,20.936207,0.19163793,57
32,27,22.103361,0.10525862,88
32,28,23.494827,0.15637931,436
32,29,17.404139,0.14577585,860
32,30,19.455862,0.043275863,255
32,31,18.298706,0.06905173,519
32,32,15.0048275,0.016120689,166
32,33,23.362413,0.11612069,377
32,34,21.699913,0.08198276,193
32,35,18.61543,0.01862069,312
32,36,18.711292,0.033793103,162
32,37,17.161724,0.037327588,972
32,38,17.725,0.04801724,628
32,39,17.912758,0.11094828,688
32,40,16.715603,0.089568965,983
32,41,20.52862,0.055,909
32,42,16.217327,0.17017241,217
32,43,16.08207,0.034051724,44
32,44,19.484484,0.043275863,888
32,45,20.58957,0.09948276,446
32,46,17.28362,0.039568964,96
32,47,22.012672,0.21793103,837
32,48,19.93319,0.07077586,647
32,49,17.613276,0.30715516,297
32,50,16.392414,0.024568966,769
32,51,18.926292,0.12017242,928
32,52,18.77931,0.013362069,685
32,53,18.729137,0.022844829,794
32,54,17.911379,0.018534483,218
32,55,16.753017,0.048103448,484
32,56,14.393966,0.020775862,214
32,57,18.165775,0.031982757,721
32,58,21.21474,0.086551726,761
